max_bins,interactions,learning_rate,max_rounds,min_samples_leaf,max_leaves,Train r2,Val r2,Test r2,Train RMSE,Val RMSE,Test RMSE,Train MAPE,Val MAPE,Test MAPE,Time
4.0,16.0,100.0,500.0,1.0,100000.0,-1322929835.472,-1321453192.9621,-1320912391.2597,9152.9605,9147.4231,9150.3312,2.6524112743323853e+18,2.6495349168300626e+18,2.6508543971477975e+18,9.33
65535.0,16.0,0.1,25.0,32.0,100.0,0.6105,0.4508,0.4223,0.1571,0.1865,0.1914,133124101620700.23,168218805639700.6,170666864865016.4,19.41
4.0,2.0,100.0,25.0,1.0,100.0,-1322929835.472,-1321453192.9621,-1320912391.2597,9152.9605,9147.4231,9150.3312,2.6524112743323853e+18,2.6495349168300626e+18,2.6508543971477975e+18,6.2
4.0,2.0,0.1,500.0,32.0,100.0,0.4009,0.4041,0.377,0.1948,0.1942,0.1987,168686575672165.5,172787708506246.2,172736369424828.3,10.17
1024.0,16.0,0.0001,25.0,1.0,100000.0,-9.8684,-9.8746,-9.8623,0.8296,0.8298,0.8298,36453518429088.03,37183003706552.97,37303204999050.08,11.68
1024.0,2.0,0.0001,25.0,32.0,100.0,-10.6055,-10.6088,-10.5962,0.8573,0.8574,0.8573,30547200613489.414,30857094861171.277,30951402871366.68,8.97
4.0,2.0,100.0,500.0,32.0,100000.0,-1322930300.3012,-1321454149.2235,-1320917392.8182,9152.9622,9147.4264,9150.3485,2.652414336174007e+18,2.649566136577906e+18,2.6508856867521546e+18,7.75
65535.0,16.0,100.0,500.0,1.0,100000.0,-1332658004.3625,-1332965314.1595,-1334245802.4575,9186.5521,9187.1816,9196.3974,2.302278007060718e+18,2.2811711009797514e+18,2.2874267267528522e+18,19.01
1024.0,2.0,0.0001,500.0,32.0,100000.0,0.2296,0.1646,0.1585,0.2209,0.23,0.2309,205395620666549.88,216333710758888.78,217291675737461.2,103.1
65535.0,2.0,0.0001,25.0,1.0,100.0,-10.6016,-10.6089,-10.5962,0.8571,0.8574,0.8574,29981324074045.465,30840071133608.5,30952122706314.504,29.69
65535.0,16.0,0.1,25.0,1.0,100000.0,0.9304,0.2574,0.2531,0.0664,0.2168,0.2176,57741979712670.16,227418995823640.56,227074384941204.78,51.83
65535.0,16.0,0.1,500.0,32.0,100.0,0.6145,0.4519,0.4238,0.1562,0.1863,0.1911,131598895245905.56,167135397405344.12,169834103090848.25,35.51
65535.0,2.0,0.1,500.0,32.0,100000.0,0.6365,0.3779,0.3603,0.1517,0.1985,0.2014,137107966855102.28,190883641133971.78,191838257544126.72,49.07
65535.0,2.0,100.0,500.0,1.0,100.0,-1329284939.5999,-1329346753.7993,-1328962960.3288,9174.9188,9174.703,9178.1731,2.4549156460297324e+18,2.4404657354222894e+18,2.437408633592788e+18,15.01
1024.0,2.0,100.0,500.0,32.0,100.0,-1329115928.061,-1329753505.3032,-1328800358.5721,9174.3355,9176.1065,9177.6116,2.454921438721259e+18,2.442871010318015e+18,2.4381085394134697e+18,11.06
65535.0,2.0,100.0,25.0,1.0,100000.0,-1332658004.3625,-1332965314.1595,-1334245802.4575,9186.5521,9187.1816,9196.3974,2.302278007060718e+18,2.2811711009797514e+18,2.2874267267528522e+18,13.62
1024.0,2.0,0.0001,25.0,32.0,100000.0,-10.6034,-10.6091,-10.5958,0.8572,0.8574,0.8573,30255412821437.402,30856916804246.84,30946053592798.445,10.58
1024.0,16.0,100.0,500.0,1.0,100.0,-1329112546.2023,-1329751877.2555,-1328795783.9727,9174.3238,9176.1009,9177.5958,2.4549721476699617e+18,2.4429227371067387e+18,2.438162692742678e+18,10.79
4.0,2.0,100.0,25.0,32.0,100.0,-1322930300.3012,-1321454149.2235,-1320917392.8182,9152.9622,9147.4264,9150.3485,2.652414336174007e+18,2.649566136577906e+18,2.6508856867521546e+18,6.24
4.0,16.0,0.1,500.0,32.0,100000.0,0.4545,0.44,0.4191,0.1859,0.1883,0.1919,158829806676670.38,164096868863861.7,165520215888768.72,12.42
4.0,16.0,0.0001,25.0,32.0,100.0,-9.8866,-9.8872,-9.8756,0.8303,0.8303,0.8303,39143943929349.875,39153644643583.164,39232747845599.68,7.1
1024.0,2.0,100.0,500.0,32.0,100000.0,-1329111390.1933,-1329715221.4101,-1328851500.4267,9174.3198,9175.9744,9177.7882,2.4551120123370516e+18,2.442847022176928e+18,2.4378526958309207e+18,9.45
4.0,16.0,0.0001,25.0,1.0,100000.0,-9.8866,-9.8872,-9.8756,0.8303,0.8303,0.8303,39143943943216.97,39153644624600.27,39232748030692.266,7.07
1024.0,2.0,0.1,25.0,1.0,100000.0,0.5941,0.386,0.3688,0.1603,0.1972,0.2,142758134558574.28,184394327249851.56,185729275938127.47,10.19
4.0,16.0,100.0,500.0,1.0,100.0,-1322929835.472,-1321453192.9621,-1320912391.2597,9152.9605,9147.4231,9150.3312,2.6524112743323853e+18,2.6495349168300626e+18,2.6508543971477975e+18,9.35
65535.0,16.0,0.0001,500.0,1.0,100.0,0.3895,0.3053,0.291,0.1966,0.2097,0.212,191539735834427.56,207235057389971.62,208805410240585.3,492.47
65535.0,2.0,0.0001,25.0,32.0,100.0,-10.6039,-10.6085,-10.5961,0.8572,0.8574,0.8573,30319780156086.566,30858689114292.28,30953214997563.21,30.32
4.0,2.0,0.1,25.0,1.0,100.0,0.39,0.3918,0.3707,0.1965,0.1962,0.1997,177466212888081.25,181242334922566.78,180809333701431.0,6.23
65535.0,16.0,100.0,25.0,32.0,100000.0,-1329239930.6844,-1329668316.5502,-1329076600.4869,9174.7634,9175.8126,9178.5655,2.4548954821616753e+18,2.4435996632425375e+18,2.4377797604644127e+18,12.36
1024.0,2.0,0.1,25.0,32.0,100000.0,0.5818,0.3916,0.371,0.1627,0.1963,0.1997,144720702570023.4,182486986834657.38,184260740356703.1,9.82
65535.0,2.0,100.0,500.0,32.0,100000.0,-1329239930.6844,-1329668316.5502,-1329076600.4869,9174.7634,9175.8126,9178.5655,2.4548954821616753e+18,2.4435996632425375e+18,2.4377797604644127e+18,15.21
65535.0,16.0,0.0001,500.0,1.0,100000.0,0.7886,0.2211,0.2148,0.1157,0.2221,0.2231,103412865549823.9,227031530227640.75,227528580468018.53,1264.58
65535.0,2.0,100.0,25.0,32.0,100.0,-1329062532.0857,-1330114064.8667,-1328821395.2659,9174.1512,9177.3505,9177.6842,2.455546170529677e+18,2.447375597297501e+18,2.4381110706031836e+18,11.26
1024.0,16.0,100.0,500.0,1.0,100000.0,-1329109889.9657,-1329586290.4969,-1328855646.0836,9174.3146,9175.5296,9177.8025,2.4549536355845944e+18,2.4422396595206364e+18,2.437908559921095e+18,11.01
4.0,16.0,0.0001,25.0,1.0,100.0,-9.8866,-9.8872,-9.8756,0.8303,0.8303,0.8303,39143943943216.97,39153644624600.27,39232748030692.266,7.1
1024.0,2.0,0.1,500.0,1.0,100.0,0.5293,0.4083,0.3837,0.1726,0.1936,0.1977,153778269940875.7,178027110675500.62,180524635270734.28,11.11
65535.0,2.0,0.0001,25.0,1.0,100000.0,-10.5412,-10.6082,-10.5958,0.8549,0.8573,0.8573,21121256374311.168,30912135911767.34,30941857323616.742,68.02
4.0,2.0,100.0,500.0,1.0,100.0,-1322929835.472,-1321453192.9621,-1320912391.2597,9152.9605,9147.4231,9150.3312,2.6524112743323853e+18,2.6495349168300626e+18,2.6508543971477975e+18,7.88
65535.0,2.0,0.0001,500.0,32.0,100000.0,0.2805,0.1618,0.1559,0.2135,0.2304,0.2313,196844306499702.6,217383192356154.56,218290195900412.06,620.43
4.0,16.0,0.1,25.0,32.0,100000.0,0.4487,0.4402,0.4172,0.1869,0.1883,0.1922,161303591115860.2,165801757694877.22,167332391019037.6,7.06
1024.0,16.0,0.1,25.0,32.0,100.0,0.5735,0.4575,0.4307,0.1644,0.1853,0.19,139545058597601.33,164546313949348.16,167266044657792.2,8.99
65535.0,2.0,0.1,500.0,32.0,100.0,0.5691,0.4008,0.3767,0.1652,0.1948,0.1988,147698243191866.9,182671387281173.16,184260322987353.06,33.46
1024.0,2.0,100.0,25.0,32.0,100000.0,-1329111390.1933,-1329715221.4101,-1328851500.4267,9174.3198,9175.9744,9177.7882,2.4551120123370516e+18,2.442847022176928e+18,2.4378526958309207e+18,7.7
65535.0,2.0,0.1,25.0,32.0,100000.0,0.636,0.3768,0.3599,0.1518,0.1986,0.2014,137386728422409.45,191218541275995.28,192006301715962.0,26.1
1024.0,16.0,0.0001,500.0,32.0,100000.0,0.3642,0.3053,0.2934,0.2007,0.2097,0.2116,195689686645313.8,206967863467678.12,208159942952643.12,117.26
65535.0,2.0,0.1,25.0,1.0,100.0,0.6625,0.3965,0.3709,0.1462,0.1955,0.1997,130548669168389.12,185473416224787.72,188202345755219.28,16.33
4.0,16.0,0.1,25.0,1.0,100000.0,0.4478,0.4388,0.4157,0.187,0.1885,0.1924,161154927552404.03,165467829864338.28,167242212884110.8,7.05
4.0,16.0,100.0,500.0,32.0,100.0,-1322930300.3012,-1321454149.2235,-1320917392.8182,9152.9622,9147.4264,9150.3485,2.652414336174007e+18,2.649566136577906e+18,2.6508856867521546e+18,9.33
65535.0,2.0,0.1,25.0,32.0,100.0,0.5686,0.4,0.3765,0.1653,0.1949,0.1988,147911612142544.4,182942228017950.5,184368045704529.1,18.84
4.0,2.0,0.1,500.0,1.0,100000.0,0.4008,0.4037,0.3766,0.1948,0.1943,0.1988,168900887864106.03,173058755912706.94,172998320459379.1,10.26
4.0,2.0,0.1,25.0,1.0,100000.0,0.39,0.3918,0.3707,0.1965,0.1962,0.1997,177466212888081.25,181242334922566.78,180809333701431.0,6.28
1024.0,2.0,100.0,25.0,32.0,100.0,-1329115928.061,-1329753505.3032,-1328800358.5721,9174.3355,9176.1065,9177.6116,2.454921438721259e+18,2.442871010318015e+18,2.4381085394134697e+18,7.68
1024.0,2.0,100.0,500.0,1.0,100.0,-1329112546.2023,-1329751877.2555,-1328795783.9727,9174.3238,9176.1009,9177.5958,2.4549721476699617e+18,2.4429227371067387e+18,2.438162692742678e+18,9.29
4.0,2.0,0.0001,25.0,32.0,100.0,-10.6215,-10.6224,-10.6098,0.8579,0.8579,0.8579,32884212655630.4,32878143379735.902,32917759458939.66,6.21
4.0,2.0,100.0,25.0,1.0,100000.0,-1322929835.472,-1321453192.9621,-1320912391.2597,9152.9605,9147.4231,9150.3312,2.6524112743323853e+18,2.6495349168300626e+18,2.6508543971477975e+18,6.2
4.0,16.0,0.0001,500.0,32.0,100000.0,0.2379,0.2392,0.2331,0.2197,0.2195,0.2205,223397173123065.8,223844607341853.25,224669310657458.38,51.05
4.0,2.0,0.0001,500.0,32.0,100.0,0.0305,0.0314,0.0306,0.2478,0.2477,0.2479,242845925417582.2,242835045543266.9,243130042556782.2,36.89
1024.0,16.0,100.0,25.0,1.0,100.0,-1329112546.2023,-1329751877.2555,-1328795783.9727,9174.3238,9176.1009,9177.5958,2.4549721476699617e+18,2.4429227371067387e+18,2.438162692742678e+18,8.45
65535.0,2.0,0.0001,25.0,32.0,100000.0,-10.5995,-10.608,-10.5946,0.8571,0.8573,0.8573,29708184925749.92,30869969282305.055,30957290073942.957,37.43
1024.0,16.0,0.1,25.0,32.0,100000.0,0.6229,0.4425,0.4183,0.1545,0.1879,0.192,130060258970627.48,168994339356009.34,170929892440468.4,10.59
4.0,16.0,100.0,25.0,32.0,100000.0,-1322930300.3012,-1321454149.2235,-1320917392.8182,9152.9622,9147.4264,9150.3485,2.652414336174007e+18,2.649566136577906e+18,2.6508856867521546e+18,7.01
4.0,16.0,0.1,25.0,1.0,100.0,0.4478,0.4388,0.4157,0.187,0.1885,0.1924,161154927552404.03,165467829864338.28,167242212884110.8,7.09
1024.0,2.0,0.0001,500.0,1.0,100000.0,0.2398,0.1635,0.1581,0.2194,0.2301,0.231,203627700966058.03,216500384390735.47,217322544037031.06,107.81
1024.0,2.0,0.0001,500.0,1.0,100.0,0.2036,0.1676,0.1593,0.2246,0.2296,0.2308,209686880507358.62,215944364184060.9,216981257777702.47,68.9
65535.0,16.0,0.0001,25.0,1.0,100000.0,-9.8078,-9.8742,-9.8627,0.8273,0.8298,0.8298,27503186748922.94,37306290311102.64,37376970105460.18,69.77
65535.0,16.0,100.0,500.0,32.0,100000.0,-1329239930.6844,-1329668316.5502,-1329076600.4869,9174.7634,9175.8126,9178.5655,2.4548954821616753e+18,2.4435996632425375e+18,2.4377797604644127e+18,16.78
1024.0,16.0,0.0001,500.0,1.0,100000.0,0.3733,0.3038,0.2927,0.1992,0.21,0.2117,194104836831777.7,207310680623726.6,208367319981051.1,122.37
4.0,2.0,0.1,25.0,32.0,100.0,0.39,0.3919,0.3708,0.1965,0.1962,0.1997,177426227765361.94,181183100049508.7,180755867207390.47,6.23
65535.0,2.0,100.0,500.0,32.0,100.0,-1329062532.0857,-1330114064.8667,-1328821395.2659,9174.1512,9177.3505,9177.6842,2.455546170529677e+18,2.447375597297501e+18,2.4381110706031836e+18,15.09
4.0,16.0,0.1,500.0,32.0,100.0,0.4545,0.44,0.4191,0.1859,0.1883,0.1919,158829806676670.38,164096868863861.7,165520215888768.72,12.55
65535.0,2.0,0.0001,500.0,1.0,100000.0,0.7025,0.1091,0.1053,0.1373,0.2375,0.2381,103186191142219.03,226733662706845.03,227052012166194.25,1242.01
4.0,2.0,0.0001,500.0,1.0,100.0,0.0305,0.0314,0.0306,0.2478,0.2477,0.2479,242845925417582.2,242835045543266.9,243130042556782.2,36.88
65535.0,2.0,0.1,500.0,1.0,100000.0,0.9288,0.2525,0.2496,0.0671,0.2176,0.2181,58869094329113.32,228356419242226.72,227784136472846.38,93.23
4.0,16.0,0.0001,500.0,1.0,100000.0,0.2379,0.2392,0.2331,0.2197,0.2195,0.2205,223397200758370.4,223844762044439.2,224669275310136.88,53.53
4.0,16.0,100.0,25.0,1.0,100000.0,-1322929835.472,-1321453192.9621,-1320912391.2597,9152.9605,9147.4231,9150.3312,2.6524112743323853e+18,2.6495349168300626e+18,2.6508543971477975e+18,7.01
1024.0,2.0,0.1,25.0,32.0,100.0,0.5273,0.4081,0.3832,0.173,0.1936,0.1977,154126504490139.4,177990258364123.84,180300145630036.6,8.39
4.0,16.0,0.1,500.0,1.0,100.0,0.451,0.4381,0.4166,0.1865,0.1886,0.1923,159574000154120.53,164340088650408.22,166130747106382.06,12.35
1024.0,16.0,100.0,25.0,32.0,100000.0,-1329111390.1933,-1329715221.4101,-1328851500.4267,9174.3198,9175.9744,9177.7882,2.4551120123370516e+18,2.442847022176928e+18,2.4378526958309207e+18,8.47
4.0,16.0,0.0001,500.0,32.0,100.0,0.2379,0.2392,0.2331,0.2197,0.2195,0.2205,223397173123065.8,223844607341853.25,224669310657458.38,51.0
65535.0,2.0,0.0001,500.0,32.0,100.0,0.2243,0.1664,0.1577,0.2216,0.2298,0.2311,206328581514034.44,216297263889868.38,217327388821433.53,464.23
4.0,16.0,0.1,500.0,1.0,100000.0,0.451,0.4381,0.4166,0.1865,0.1886,0.1923,159574000154120.53,164340088650408.22,166130747106382.06,12.25
4.0,16.0,0.1,25.0,32.0,100.0,0.4487,0.4402,0.4172,0.1869,0.1883,0.1922,161303591115860.2,165801757694877.22,167332391019037.6,6.98
1024.0,16.0,0.0001,25.0,32.0,100000.0,-9.8692,-9.8746,-9.8622,0.8296,0.8298,0.8298,36566131152873.625,37182903087163.42,37311336922859.16,11.26
4.0,16.0,100.0,25.0,32.0,100.0,-1322930300.3012,-1321454149.2235,-1320917392.8182,9152.9622,9147.4264,9150.3485,2.652414336174007e+18,2.649566136577906e+18,2.6508856867521546e+18,6.98
65535.0,16.0,0.0001,500.0,32.0,100000.0,0.4098,0.3001,0.2883,0.1933,0.2105,0.2124,187992410820967.9,208804518986377.12,209941199677470.72,613.53
65535.0,2.0,0.1,500.0,1.0,100.0,0.6629,0.3974,0.3714,0.1461,0.1953,0.1996,130377456477652.58,185241279469026.56,188114059834638.56,25.25
65535.0,16.0,100.0,500.0,32.0,100.0,-1329062532.0857,-1330114064.8667,-1328821395.2659,9174.1512,9177.3505,9177.6842,2.455546170529677e+18,2.447375597297501e+18,2.4381110706031836e+18,16.22
65535.0,16.0,0.0001,500.0,32.0,100.0,0.3592,0.3069,0.293,0.2015,0.2095,0.2117,196570448775553.4,206823126664100.7,208094336613569.7,466.27
65535.0,2.0,0.1,25.0,1.0,100000.0,0.9282,0.249,0.2467,0.0674,0.2181,0.2185,59510327461097.79,229034254937749.5,228337818147253.88,49.86
1024.0,16.0,0.1,25.0,1.0,100000.0,0.6308,0.4311,0.4113,0.1529,0.1898,0.1932,129089630370579.05,172082183332103.22,173420554409579.1,10.73
1024.0,2.0,100.0,500.0,1.0,100000.0,-1329109889.9657,-1329586290.4969,-1328855646.0836,9174.3146,9175.5296,9177.8025,2.4549536355845944e+18,2.4422396595206364e+18,2.437908559921095e+18,9.24
1024.0,16.0,0.1,500.0,1.0,100000.0,0.6358,0.4325,0.4131,0.1519,0.1896,0.1929,127136462809449.81,170821927027290.84,172302930914822.84,17.09
4.0,2.0,100.0,500.0,32.0,100.0,-1322930300.3012,-1321454149.2235,-1320917392.8182,9152.9622,9147.4264,9150.3485,2.652414336174007e+18,2.649566136577906e+18,2.6508856867521546e+18,7.71
1024.0,16.0,0.0001,500.0,1.0,100.0,0.3407,0.3091,0.2955,0.2043,0.2092,0.2113,199585446724477.12,206139197980987.72,207415546501936.62,82.25
1024.0,16.0,0.1,500.0,32.0,100000.0,0.627,0.4437,0.4198,0.1537,0.1877,0.1918,128512436597480.38,167878434980458.47,170088541627474.25,16.26
1024.0,2.0,0.1,25.0,1.0,100.0,0.5288,0.4076,0.3837,0.1727,0.1937,0.1977,154039017826091.72,178339156864592.84,180661238684956.06,8.19
65535.0,16.0,100.0,25.0,32.0,100.0,-1329062532.0857,-1330114064.8667,-1328821395.2659,9174.1512,9177.3505,9177.6842,2.455546170529677e+18,2.447375597297501e+18,2.4381110706031836e+18,11.77
65535.0,16.0,0.1,25.0,32.0,100000.0,0.6758,0.4358,0.4086,0.1433,0.189,0.1936,122316268008188.34,176542082607944.78,178253922732821.47,26.36
65535.0,2.0,100.0,500.0,1.0,100000.0,-1332658004.3625,-1332965314.1595,-1334245802.4575,9186.5521,9187.1816,9196.3974,2.302278007060718e+18,2.2811711009797514e+18,2.2874267267528522e+18,16.96
4.0,2.0,0.1,25.0,32.0,100000.0,0.39,0.3919,0.3708,0.1965,0.1962,0.1997,177426227765361.94,181183100049508.7,180755867207390.47,6.09
1024.0,16.0,100.0,25.0,32.0,100.0,-1329115928.061,-1329753505.3032,-1328800358.5721,9174.3355,9176.1065,9177.6116,2.454921438721259e+18,2.442871010318015e+18,2.4381085394134697e+18,9.9
4.0,16.0,0.0001,25.0,32.0,100000.0,-9.8866,-9.8872,-9.8756,0.8303,0.8303,0.8303,39143943929349.875,39153644643583.164,39232747845599.68,6.98
1024.0,16.0,0.1,25.0,1.0,100.0,0.5728,0.4559,0.4279,0.1645,0.1856,0.1904,139247522641107.5,164358615246401.34,167344438169701.3,8.92
65535.0,2.0,0.0001,500.0,1.0,100.0,0.2574,0.1659,0.1565,0.2169,0.2298,0.2312,200902062350077.38,216309570798760.5,217629903656187.84,429.1
65535.0,16.0,0.0001,25.0,32.0,100000.0,-9.8653,-9.8736,-9.8611,0.8295,0.8298,0.8297,36023413027473.28,37200437123835.16,37327110521538.27,34.46
4.0,2.0,100.0,25.0,32.0,100000.0,-1322930300.3012,-1321454149.2235,-1320917392.8182,9152.9622,9147.4264,9150.3485,2.652414336174007e+18,2.649566136577906e+18,2.6508856867521546e+18,6.11
4.0,2.0,0.0001,25.0,32.0,100000.0,-10.6215,-10.6224,-10.6098,0.8579,0.8579,0.8579,32884212655630.4,32878143379735.902,32917759458939.66,6.16
65535.0,16.0,0.0001,25.0,32.0,100.0,-9.8696,-9.874,-9.8625,0.8297,0.8298,0.8298,36630093343913.84,37184274088201.29,37318239880833.6,29.03
1024.0,2.0,0.1,500.0,1.0,100000.0,0.5947,0.3869,0.369,0.1602,0.197,0.2,142482457028757.66,184057880909997.38,185574192973579.94,14.69
1024.0,16.0,0.0001,25.0,32.0,100.0,-9.8712,-9.8743,-9.8626,0.8297,0.8298,0.8298,36855593245532.51,37180808596023.64,37314462322841.4,9.71
4.0,2.0,0.0001,25.0,1.0,100.0,-10.6215,-10.6224,-10.6098,0.8579,0.8579,0.8579,32884212655630.4,32878143379735.902,32917759458939.66,6.17
1024.0,16.0,0.0001,25.0,1.0,100.0,-9.8711,-9.8742,-9.8627,0.8297,0.8298,0.8298,36833679215787.23,37179074872429.59,37312305888291.55,11.31
1024.0,2.0,100.0,25.0,1.0,100000.0,-1329109889.9657,-1329586290.4969,-1328855646.0836,9174.3146,9175.5296,9177.8025,2.4549536355845944e+18,2.4422396595206364e+18,2.437908559921095e+18,7.58
65535.0,16.0,0.1,500.0,1.0,100000.0,0.9316,0.2596,0.2554,0.0658,0.2165,0.2173,57021842825822.19,227013953809215.25,226714655076358.97,96.3
1024.0,16.0,0.0001,500.0,32.0,100.0,0.3387,0.309,0.2955,0.2046,0.2092,0.2113,199921427613746.75,206109368223350.94,207396533220432.97,83.14
4.0,16.0,100.0,500.0,32.0,100000.0,-1322930300.3012,-1321454149.2235,-1320917392.8182,9152.9622,9147.4264,9150.3485,2.652414336174007e+18,2.649566136577906e+18,2.6508856867521546e+18,9.21
4.0,16.0,100.0,25.0,1.0,100.0,-1322929835.472,-1321453192.9621,-1320912391.2597,9152.9605,9147.4231,9150.3312,2.6524112743323853e+18,2.6495349168300626e+18,2.6508543971477975e+18,6.92
65535.0,16.0,0.1,500.0,32.0,100000.0,0.6801,0.4376,0.4113,0.1423,0.1887,0.1932,120518335466631.89,175191640287730.5,177258799877725.25,51.01
1024.0,16.0,0.1,500.0,32.0,100.0,0.5782,0.4578,0.433,0.1634,0.1853,0.1896,137845586163814.06,163649219027999.62,166387141696235.03,14.96
1024.0,2.0,0.1,500.0,32.0,100.0,0.5278,0.4088,0.3832,0.1729,0.1935,0.1977,153877175156219.94,177688598230385.25,180178569152365.34,11.08
1024.0,16.0,100.0,25.0,1.0,100000.0,-1329109889.9657,-1329586290.4969,-1328855646.0836,9174.3146,9175.5296,9177.8025,2.4549536355845944e+18,2.4422396595206364e+18,2.437908559921095e+18,8.35
1024.0,2.0,0.0001,500.0,32.0,100.0,0.2013,0.1675,0.1593,0.2249,0.2296,0.2308,210055099704859.25,215943686493193.9,216990941795225.62,68.37
1024.0,2.0,0.0001,25.0,1.0,100000.0,-10.6027,-10.6091,-10.5958,0.8572,0.8574,0.8573,30141822284649.492,30855971925402.047,30936933709328.824,10.74
1024.0,2.0,100.0,25.0,1.0,100.0,-1329112546.2023,-1329751877.2555,-1328795783.9727,9174.3238,9176.1009,9177.5958,2.4549721476699617e+18,2.4429227371067387e+18,2.438162692742678e+18,7.53
65535.0,16.0,0.1,500.0,1.0,100.0,0.6987,0.4432,0.4167,0.1381,0.1878,0.1923,116702110821997.42,171701423963288.28,175029628942281.12,27.66
4.0,2.0,0.0001,500.0,1.0,100000.0,0.0305,0.0314,0.0306,0.2478,0.2477,0.2479,242845925417582.2,242835045543266.9,243130042556782.2,36.32
4.0,2.0,0.1,500.0,1.0,100.0,0.4008,0.4037,0.3766,0.1948,0.1943,0.1988,168900887864106.03,173058755912706.94,172998320459379.1,10.06
4.0,2.0,0.0001,25.0,1.0,100000.0,-10.6215,-10.6224,-10.6098,0.8579,0.8579,0.8579,32884212655630.4,32878143379735.902,32917759458939.66,6.17
65535.0,16.0,100.0,25.0,1.0,100.0,-1329284939.5999,-1329346753.7993,-1328962960.3288,9174.9188,9174.703,9178.1731,2.4549156460297324e+18,2.4404657354222894e+18,2.437408633592788e+18,11.95
1024.0,16.0,100.0,500.0,32.0,100000.0,-1329111390.1933,-1329715221.4101,-1328851500.4267,9174.3198,9175.9744,9177.7882,2.4551120123370516e+18,2.442847022176928e+18,2.4378526958309207e+18,10.75
65535.0,2.0,100.0,25.0,1.0,100.0,-1329284939.5999,-1329346753.7993,-1328962960.3288,9174.9188,9174.703,9178.1731,2.4549156460297324e+18,2.4404657354222894e+18,2.437408633592788e+18,11.05
1024.0,2.0,0.0001,25.0,1.0,100.0,-10.6053,-10.6087,-10.5963,0.8573,0.8574,0.8574,30525146944465.39,30855186740875.188,30949110742891.688,8.89
65535.0,16.0,100.0,25.0,1.0,100000.0,-1332658004.3625,-1332965314.1595,-1334245802.4575,9186.5521,9187.1816,9196.3974,2.302278007060718e+18,2.2811711009797514e+18,2.2874267267528522e+18,14.06
4.0,2.0,0.1,500.0,32.0,100000.0,0.4009,0.4041,0.377,0.1948,0.1942,0.1987,168686575672165.5,172787708506246.2,172736369424828.3,11.31
65535.0,16.0,0.0001,25.0,1.0,100.0,-9.8673,-9.8744,-9.8627,0.8296,0.8298,0.8298,36293728462765.04,37167307477612.65,37319297893959.22,30.19
1024.0,2.0,0.1,500.0,32.0,100000.0,0.5823,0.3924,0.3711,0.1626,0.1961,0.1997,144477849963716.06,182181884943863.94,184140728580657.94,13.99
65535.0,16.0,100.0,500.0,1.0,100.0,-1329284939.5999,-1329346753.7993,-1328962960.3288,9174.9188,9174.703,9178.1731,2.4549156460297324e+18,2.4404657354222894e+18,2.437408633592788e+18,16.24
4.0,16.0,0.0001,500.0,1.0,100.0,0.2379,0.2392,0.2331,0.2197,0.2195,0.2205,223397200758370.4,223844762044439.2,224669275310136.88,50.27
65535.0,2.0,100.0,25.0,32.0,100000.0,-1329239930.6844,-1329668316.5502,-1329076600.4869,9174.7634,9175.8126,9178.5655,2.4548954821616753e+18,2.4435996632425375e+18,2.4377797604644127e+18,11.39
4.0,2.0,100.0,500.0,1.0,100000.0,-1322929835.472,-1321453192.9621,-1320912391.2597,9152.9605,9147.4231,9150.3312,2.6524112743323853e+18,2.6495349168300626e+18,2.6508543971477975e+18,7.72
4.0,2.0,0.0001,500.0,32.0,100000.0,0.0305,0.0314,0.0306,0.2478,0.2477,0.2479,242845925417582.2,242835045543266.9,243130042556782.2,36.24
1024.0,16.0,0.1,500.0,1.0,100.0,0.5769,0.4569,0.4295,0.1637,0.1854,0.1902,137699202724529.8,163345150486743.34,166424312660430.9,13.13
1024.0,8.0,0.1,100.0,8.0,10000.0,0.6285,0.4297,0.4085,0.1534,0.19,0.1936,129192431456338.61,171834984765840.16,173240020860811.12,15.71
1024.0,16.0,100.0,500.0,32.0,100.0,-1329115928.061,-1329753505.3032,-1328800358.5721,9174.3355,9176.1065,9177.6116,2.454921438721259e+18,2.442871010318015e+18,2.4381085394134697e+18,10.66
65535.0,16.0,0.1,25.0,1.0,100.0,0.695,0.4419,0.4146,0.139,0.188,0.1926,118106192486160.95,172614598671645.66,175794678808281.8,16.71
256.0,8.0,0.1,100.0,8.0,10000.0,0.5284,0.4514,0.4201,0.1728,0.1864,0.1917,145236674103552.44,161670079116385.4,165221639679900.12,10.76
4096.0,8.0,0.1,100.0,8.0,10000.0,0.7373,0.4053,0.3877,0.129,0.1941,0.197,110174149276946.92,187532517893797.56,187705707547680.84,34.11
1024.0,4.0,0.1,100.0,8.0,10000.0,0.6256,0.4301,0.4077,0.154,0.19,0.1938,130445594800345.66,172399982758592.84,173734614317457.38,15.13
1024.0,16.0,0.1,100.0,8.0,10000.0,0.6368,0.4373,0.4142,0.1517,0.1888,0.1927,126992071705804.44,170047315903133.53,171979011690464.2,16.8
1024.0,8.0,0.01,100.0,8.0,10000.0,0.6111,0.4229,0.402,0.1569,0.1912,0.1947,135246699765846.34,175857204514966.7,177036852059845.44,18.95
1024.0,8.0,1.0,100.0,8.0,10000.0,0.5267,0.3138,0.2896,0.1731,0.2084,0.2122,133139819456735.03,171145534656551.7,171959209024750.88,15.0
1024.0,8.0,0.1,50.0,8.0,10000.0,0.6275,0.4289,0.4079,0.1536,0.1902,0.1937,129729674584840.5,172263354437585.34,173612421883515.6,14.8
1024.0,8.0,0.1,200.0,8.0,10000.0,0.6286,0.4297,0.4085,0.1534,0.19,0.1936,129176388101807.2,171826676941102.78,173229552315494.62,15.71
1024.0,8.0,0.1,100.0,4.0,10000.0,0.6289,0.4294,0.4085,0.1533,0.1901,0.1936,129081801268962.72,171855440349745.03,173248066808957.72,15.65
1024.0,8.0,0.1,100.0,16.0,10000.0,0.6319,0.4279,0.4059,0.1527,0.1903,0.1941,128226555902320.52,171713563164719.88,173020665857982.47,15.57
1024.0,8.0,0.1,100.0,8.0,1000.0,0.6285,0.4296,0.4084,0.1534,0.19,0.1936,129233974283350.33,171870437183560.4,173274620107666.16,15.62
1024.0,8.0,0.1,100.0,8.0,100000.0,0.6285,0.4297,0.4085,0.1534,0.19,0.1936,129192431456338.61,171834984765840.16,173240020860811.12,15.73
64.0,8.0,0.1,100.0,8.0,10000.0,0.4897,0.4495,0.4166,0.1798,0.1867,0.1923,150125023443711.53,158156205719682.75,163187338348966.56,9.63
256.0,4.0,0.1,100.0,8.0,10000.0,0.5247,0.4526,0.4191,0.1735,0.1862,0.1919,146477344355534.28,162147409211901.25,165759706810989.8,10.36
256.0,16.0,0.1,100.0,8.0,10000.0,0.5397,0.4574,0.4308,0.1707,0.1854,0.19,143701660045109.2,161241718738078.88,164625574591405.8,11.92
256.0,8.0,0.01,100.0,8.0,10000.0,0.5195,0.4408,0.4098,0.1744,0.1882,0.1934,149456187576008.4,166295420769354.9,169289484493318.66,13.36
256.0,8.0,1.0,100.0,8.0,10000.0,0.4747,0.4078,0.3732,0.1824,0.1936,0.1993,147297995831337.84,160335485412900.22,164210973842770.12,10.17
256.0,8.0,0.1,50.0,8.0,10000.0,0.5273,0.451,0.4197,0.173,0.1865,0.1918,145702415768073.16,162048010910028.88,165575542725762.3,10.01
256.0,8.0,0.1,200.0,8.0,10000.0,0.5286,0.4515,0.4201,0.1728,0.1864,0.1917,145162975981904.7,161633073249937.03,165180235649689.5,12.83
256.0,8.0,0.1,100.0,4.0,10000.0,0.5284,0.4515,0.4201,0.1728,0.1864,0.1917,145202763240726.62,161642576558605.16,165194570560719.62,10.75
256.0,8.0,0.1,100.0,16.0,10000.0,0.5284,0.4514,0.4201,0.1728,0.1864,0.1917,145236674103552.44,161670079116385.4,165221639679900.12,10.76
256.0,8.0,0.1,100.0,8.0,1000.0,0.5284,0.4514,0.4201,0.1728,0.1864,0.1917,145236674103552.44,161670079116385.4,165221639679900.12,10.78
256.0,8.0,0.1,100.0,8.0,100000.0,0.5284,0.4514,0.4201,0.1728,0.1864,0.1917,145236674103552.44,161670079116385.4,165221639679900.12,10.8
4096.0,16.0,0.1,100.0,8.0,10000.0,0.7413,0.4087,0.392,0.128,0.1935,0.1963,108704109642910.12,186418789252144.53,186447123275062.34,33.96
1024.0,16.0,0.01,100.0,8.0,10000.0,0.6187,0.4346,0.4103,0.1554,0.1892,0.1933,132415349469342.23,172534717013149.16,174546036825742.78,20.45
1024.0,16.0,1.0,100.0,8.0,10000.0,0.538,0.3261,0.302,0.171,0.2066,0.2103,130335228997034.58,168449693298427.34,168363237095260.4,15.81
1024.0,16.0,0.1,50.0,8.0,10000.0,0.6351,0.4371,0.414,0.152,0.1888,0.1927,127625785198366.56,170426461464455.12,172318264022139.06,15.64
1024.0,16.0,0.1,200.0,8.0,10000.0,0.6369,0.4372,0.4143,0.1516,0.1888,0.1927,126948361188712.83,170025305889473.3,171951479889603.8,17.13
1024.0,16.0,0.1,100.0,4.0,10000.0,0.6355,0.4325,0.413,0.1519,0.1896,0.1929,127215606715051.11,170868121922297.06,172364489150411.0,17.03
1024.0,16.0,0.1,100.0,16.0,10000.0,0.6388,0.4311,0.4105,0.1512,0.1898,0.1933,126280107981567.11,170677665018149.84,172106039031723.12,16.81
1024.0,16.0,0.1,100.0,8.0,1000.0,0.6367,0.4372,0.4143,0.1517,0.1888,0.1927,127000341425717.9,170058243713966.7,171972263659742.47,16.94
1024.0,16.0,0.1,100.0,8.0,100000.0,0.6368,0.4373,0.4142,0.1517,0.1888,0.1927,126992071705804.44,170047315903133.53,171979011690464.2,16.93
4096.0,4.0,0.1,100.0,8.0,10000.0,0.7335,0.4017,0.3876,0.1299,0.1946,0.197,111474362041138.52,188407386816134.2,187953489275011.9,31.89
1024.0,2.0,0.1,100.0,8.0,10000.0,0.5943,0.3873,0.3691,0.1603,0.197,0.2,142556703903569.06,183995680081526.06,185514390043301.9,16.12
1024.0,4.0,0.01,100.0,8.0,10000.0,0.5986,0.4055,0.3862,0.1594,0.194,0.1972,141311950937416.2,181555766590879.12,182689777349269.22,18.23
1024.0,4.0,1.0,100.0,8.0,10000.0,0.49,0.273,0.2487,0.1797,0.2146,0.2182,141761614307311.7,177918756953626.6,178571558592563.8,14.6
1024.0,4.0,0.1,50.0,8.0,10000.0,0.6238,0.4275,0.405,0.1543,0.1904,0.1942,131704120024675.45,173658489139889.44,174853435986653.3,14.51
1024.0,4.0,0.1,200.0,8.0,10000.0,0.6261,0.4307,0.4082,0.1539,0.1899,0.1937,130136824238225.72,172114488038010.25,173484639066326.7,15.31
1024.0,4.0,0.1,100.0,4.0,10000.0,0.6259,0.4298,0.4076,0.1539,0.19,0.1938,130374996577573.7,172443587540125.3,173773575153784.84,15.12
1024.0,4.0,0.1,100.0,16.0,10000.0,0.629,0.4284,0.405,0.1533,0.1903,0.1942,129473268465850.86,172259109341608.8,173490127116945.66,15.05
1024.0,4.0,0.1,100.0,8.0,1000.0,0.6256,0.4301,0.4077,0.154,0.19,0.1938,130433783874016.69,172386913759347.03,173719915364754.34,15.06
1024.0,4.0,0.1,100.0,8.0,100000.0,0.6256,0.4301,0.4077,0.154,0.19,0.1938,130445594800345.66,172399982758592.84,173734614317457.38,15.1
4096.0,8.0,0.1,200.0,8.0,10000.0,0.7374,0.4053,0.3877,0.129,0.194,0.197,110130033358983.67,187508636645244.66,187691390250985.97,32.69
1024.0,8.0,0.01,200.0,8.0,10000.0,0.6144,0.4276,0.4059,0.1563,0.1904,0.1941,133139896978220.5,173740318760273.78,175206386784619.22,20.19
1024.0,8.0,1.0,200.0,8.0,10000.0,0.5267,0.3138,0.2896,0.1731,0.2084,0.2122,133139819456735.03,171145534656551.7,171959209024750.88,15.03
1024.0,8.0,0.1,500.0,8.0,10000.0,0.6286,0.4297,0.4085,0.1534,0.19,0.1936,129176388101807.2,171826676941102.78,173229552315494.62,15.68
1024.0,8.0,0.1,200.0,4.0,10000.0,0.6291,0.4295,0.4085,0.1533,0.1901,0.1936,129003690873779.33,171805093281574.47,173198892243214.2,15.75
1024.0,8.0,0.1,200.0,16.0,10000.0,0.6321,0.4279,0.406,0.1526,0.1903,0.194,128172767779336.89,171676125102798.62,172988157377103.94,17.55
1024.0,8.0,0.1,200.0,8.0,1000.0,0.6286,0.4297,0.4085,0.1534,0.19,0.1936,129201409418357.2,171846302166003.4,173252477270453.2,15.64
1024.0,8.0,0.1,200.0,8.0,100000.0,0.6286,0.4297,0.4085,0.1534,0.19,0.1936,129176388101807.2,171826676941102.78,173229552315494.62,15.62
4096.0,8.0,0.1,100.0,8.0,100000.0,0.7373,0.4053,0.3877,0.129,0.1941,0.197,110174149276946.92,187532517893797.56,187705707547680.84,32.57
1024.0,8.0,0.01,100.0,8.0,100000.0,0.6111,0.4229,0.402,0.1569,0.1912,0.1947,135246699765846.34,175857204514966.7,177036852059845.44,19.03
1024.0,8.0,1.0,100.0,8.0,100000.0,0.5267,0.3138,0.2896,0.1731,0.2084,0.2122,133139819456735.03,171145534656551.7,171959209024750.88,15.01
1024.0,8.0,0.1,50.0,8.0,100000.0,0.6275,0.4289,0.4079,0.1536,0.1902,0.1937,129729674584840.5,172263354437585.34,173612421883515.6,14.87
1024.0,8.0,0.1,100.0,4.0,100000.0,0.6289,0.4294,0.4085,0.1533,0.1901,0.1936,129081801268962.72,171855440349745.03,173248066808957.72,15.69
1024.0,8.0,0.1,100.0,16.0,100000.0,0.6319,0.4279,0.4059,0.1527,0.1903,0.1941,128226555902320.52,171713563164719.88,173020665857982.47,15.61
4096.0,8.0,0.1,100.0,8.0,1000.0,0.7132,0.4166,0.396,0.1348,0.1922,0.1957,115006986822400.03,184628605996018.12,185306399696022.75,26.14
1024.0,8.0,0.01,100.0,8.0,1000.0,0.6111,0.4229,0.4019,0.1569,0.1912,0.1947,135253273949918.62,175865583481120.62,177045019265159.38,19.05
1024.0,8.0,1.0,100.0,8.0,1000.0,0.5267,0.3138,0.2896,0.1731,0.2084,0.2122,133139876435924.17,171145821136931.75,171959435283364.2,15.01
1024.0,8.0,0.1,50.0,8.0,1000.0,0.6275,0.4289,0.4079,0.1536,0.1902,0.1937,129732885834237.56,172264270176464.88,173615536352782.2,14.82
1024.0,8.0,0.1,100.0,4.0,1000.0,0.6288,0.4294,0.4085,0.1533,0.1901,0.1936,129115787360720.69,171877736155372.53,173265176365773.66,15.61
1024.0,8.0,0.1,100.0,16.0,1000.0,0.632,0.4279,0.4059,0.1527,0.1903,0.1941,128185167312105.75,171666487167894.3,172994267863375.06,17.22
1024.0,8.0,0.1,100.0,8.0,100.0,0.5664,0.4498,0.4195,0.1657,0.1867,0.1918,140360351627064.25,165205613978489.53,168228203939144.5,11.84
4096.0,8.0,0.1,100.0,4.0,10000.0,0.7682,0.3928,0.3758,0.1212,0.1961,0.1989,103160817862067.77,191466219440922.62,192024959314528.6,35.71
1024.0,8.0,0.01,100.0,4.0,10000.0,0.6114,0.4226,0.4018,0.1569,0.1912,0.1947,135187434843621.97,175921219165827.6,177083712305748.8,19.03
1024.0,8.0,1.0,100.0,4.0,10000.0,0.5262,0.3141,0.2897,0.1732,0.2084,0.2122,133160729167421.72,171122694104435.03,171909554404073.16,15.0
1024.0,8.0,0.1,50.0,4.0,10000.0,0.6278,0.4286,0.4078,0.1535,0.1902,0.1937,129644259700477.11,172308434673528.06,173637494493153.0,14.87
1024.0,8.0,0.1,100.0,2.0,10000.0,0.629,0.4294,0.4084,0.1533,0.1901,0.1936,129081881357210.88,171862893784445.94,173247963266563.12,15.65
4096.0,8.0,0.1,50.0,8.0,10000.0,0.7361,0.4046,0.3869,0.1293,0.1942,0.1971,110782296368899.64,187914986157362.7,187967511665292.6,31.15
1024.0,8.0,0.01,50.0,8.0,10000.0,0.6035,0.4103,0.391,0.1585,0.1932,0.1965,140043456533025.33,180725197387600.25,181702831016974.5,15.26
1024.0,8.0,1.0,50.0,8.0,10000.0,0.5267,0.3138,0.2896,0.1731,0.2084,0.2122,133139819456735.03,171145534656551.7,171959209024750.88,14.88
1024.0,8.0,0.1,25.0,8.0,10000.0,0.6255,0.4266,0.4061,0.154,0.1905,0.194,131028529331563.88,173433460371024.78,174573631079007.16,10.37
1024.0,8.0,0.1,50.0,16.0,10000.0,0.631,0.4271,0.4053,0.1529,0.1905,0.1942,128741157233568.97,172117901117166.2,173380715775510.1,14.76
4096.0,8.0,0.1,100.0,16.0,10000.0,0.6734,0.4269,0.4045,0.1438,0.1905,0.1943,123005617341764.08,179731505322993.0,180742303859099.84,26.82
1024.0,8.0,0.01,100.0,16.0,10000.0,0.6101,0.4228,0.4015,0.1571,0.1912,0.1948,135370970049264.6,175624730228478.2,176725309232361.9,20.48
1024.0,8.0,1.0,100.0,16.0,10000.0,0.5268,0.3142,0.2904,0.1731,0.2084,0.2121,132935568336322.36,170941187251671.03,171641524077718.88,14.97
1024.0,8.0,0.1,100.0,32.0,10000.0,0.6173,0.4339,0.41,0.1557,0.1893,0.1934,131124218993806.62,170264248354824.6,171929478490121.22,14.97
256.0,16.0,0.1,500.0,32.0,100.0,0.5341,0.459,0.4328,0.1718,0.1851,0.1896,144876623393797.4,160983123122965.66,164150403465838.72,11.32
4096.0,16.0,0.1,500.0,32.0,100.0,0.5969,0.4547,0.4291,0.1598,0.1858,0.1902,134779320092251.47,165757966968459.88,168317939026374.34,19.29
1024.0,8.0,0.1,500.0,32.0,100.0,0.565,0.4498,0.4191,0.166,0.1867,0.1919,140419159185821.44,165002207525782.88,167839906437455.25,12.05
1024.0,16.0,0.01,500.0,32.0,100.0,0.5765,0.4494,0.4205,0.1638,0.1867,0.1917,138402286382082.0,165028691815837.66,168106021054121.8,18.04
1024.0,16.0,1.0,500.0,32.0,100.0,0.5132,0.3858,0.3528,0.1756,0.1972,0.2025,140360725766069.53,164922130443145.9,167073545168051.53,12.04
1024.0,16.0,0.1,200.0,32.0,100.0,0.5782,0.4578,0.433,0.1634,0.1853,0.1896,137845586163814.06,163649219027999.62,166387141696235.03,13.23
1024.0,16.0,0.1,500.0,16.0,100.0,0.581,0.4565,0.4321,0.1629,0.1855,0.1897,137377696156867.92,163929938189534.3,166458356930588.7,13.13
1024.0,16.0,0.1,500.0,32.0,1000.0,0.627,0.4437,0.4198,0.1537,0.1877,0.1918,128512436597480.38,167878434980458.47,170088541627474.25,16.29
64.0,16.0,0.1,500.0,32.0,100.0,0.4973,0.4539,0.4214,0.1784,0.1859,0.1915,148916479725574.5,157587810256858.0,162638742634326.56,10.79
256.0,8.0,0.1,500.0,32.0,100.0,0.523,0.4554,0.4211,0.1738,0.1857,0.1916,146136494042626.1,160695898540404.97,164631515713460.84,10.39
256.0,16.0,0.01,500.0,32.0,100.0,0.5327,0.4546,0.4261,0.172,0.1858,0.1907,145788389615858.16,162457037231901.78,165854507693148.25,17.35
256.0,16.0,1.0,500.0,32.0,100.0,0.487,0.4152,0.378,0.1802,0.1924,0.1986,145486147388283.12,160212580650244.8,164497909988817.1,10.5
256.0,16.0,0.1,200.0,32.0,100.0,0.5341,0.459,0.4328,0.1718,0.1851,0.1896,144876623393797.4,160983123122965.66,164150403465838.72,11.34
256.0,16.0,0.1,500.0,16.0,100.0,0.5339,0.459,0.4329,0.1718,0.1851,0.1896,144929976920639.72,160984123491691.12,164115158573735.0,11.36
256.0,16.0,0.1,500.0,32.0,1000.0,0.5398,0.4573,0.4308,0.1707,0.1854,0.19,143677696306712.0,161270889103091.56,164663742269549.78,12.78
64.0,16.0,0.1,500.0,16.0,100.0,0.4975,0.454,0.4216,0.1784,0.1859,0.1915,148858329148737.38,157530211267343.34,162572254926293.8,11.41
256.0,8.0,0.1,500.0,16.0,100.0,0.5229,0.4555,0.4212,0.1738,0.1857,0.1915,146168829501180.56,160682751255613.12,164587000155135.44,10.36
256.0,16.0,0.01,500.0,16.0,100.0,0.5327,0.4546,0.4261,0.172,0.1858,0.1907,145790396405554.7,162450280167518.88,165824821708608.03,17.33
256.0,16.0,1.0,500.0,16.0,100.0,0.4868,0.4157,0.3782,0.1803,0.1923,0.1985,145488576204103.78,160139176787387.66,164423809853670.6,10.43
256.0,16.0,0.1,200.0,16.0,100.0,0.5339,0.459,0.4329,0.1718,0.1851,0.1896,144929976920639.72,160984123491691.12,164115158573735.0,11.39
256.0,16.0,0.1,500.0,8.0,100.0,0.5339,0.459,0.4329,0.1718,0.1851,0.1896,144929976920639.72,160984123491691.12,164115158573735.0,11.4
256.0,16.0,0.1,500.0,16.0,1000.0,0.5397,0.4574,0.4308,0.1707,0.1854,0.19,143701660045109.2,161241718738078.88,164625574591405.8,11.82
256.0,16.0,0.1,25.0,1.0,100.0,0.5292,0.4584,0.4309,0.1727,0.1852,0.1899,146598709593529.06,162010275800668.78,165215281247313.72,7.87
4096.0,16.0,0.1,25.0,1.0,100.0,0.6356,0.4526,0.4211,0.1519,0.1862,0.1916,129186062996822.45,168487669252376.4,171996169434556.97,12.01
1024.0,8.0,0.1,25.0,1.0,100.0,0.5622,0.4455,0.4164,0.1665,0.1874,0.1923,142943150954097.4,167742847210178.25,170275458424969.25,8.49
1024.0,16.0,0.01,25.0,1.0,100.0,0.5448,0.4294,0.4047,0.1698,0.1901,0.1943,151202279252498.22,175263051472538.0,177391406631327.5,9.29
1024.0,16.0,1.0,25.0,1.0,100.0,0.5117,0.38,0.3498,0.1759,0.1981,0.203,140396474036144.84,165130456334327.34,167186451569183.62,8.89
1024.0,16.0,0.1,50.0,1.0,100.0,0.5755,0.457,0.4293,0.164,0.1854,0.1902,138171179612279.27,163566589705148.28,166657457270195.66,11.85
1024.0,16.0,0.1,25.0,2.0,100.0,0.5765,0.4547,0.4274,0.1638,0.1858,0.1905,138487128203141.14,164447475368797.6,167412995321359.94,8.91
1024.0,16.0,0.1,25.0,1.0,1000.0,0.6308,0.4311,0.4112,0.1529,0.1898,0.1932,129091718612207.97,172084756459870.94,173419120560468.03,10.75
64.0,16.0,0.1,25.0,1.0,100.0,0.4928,0.4528,0.4202,0.1792,0.1861,0.1917,150243758778520.0,158519294201260.3,163432067469099.28,7.44
256.0,8.0,0.1,25.0,1.0,100.0,0.518,0.4519,0.4184,0.1747,0.1863,0.192,148892751509507.2,163256590470029.56,166753299638951.47,7.49
256.0,16.0,0.01,25.0,1.0,100.0,0.4894,0.4392,0.4114,0.1798,0.1884,0.1932,160709192115347.84,172695147723615.34,174807333125840.78,8.03
256.0,16.0,1.0,25.0,1.0,100.0,0.4881,0.4156,0.378,0.18,0.1924,0.1986,145151260251985.75,159893779545178.44,164302041943151.47,7.85
256.0,16.0,0.1,50.0,1.0,100.0,0.5325,0.4591,0.4327,0.1721,0.1851,0.1896,145332832552141.03,161171407585407.62,164322528323505.56,10.35
256.0,16.0,0.1,25.0,2.0,100.0,0.5292,0.4584,0.4309,0.1727,0.1852,0.1899,146598709593529.06,162010275800668.78,165215281247313.72,7.87
256.0,16.0,0.1,25.0,1.0,1000.0,0.5343,0.4567,0.4286,0.1717,0.1855,0.1903,145553534371348.3,162361704649470.66,165712400786977.25,8.11
4096.0,16.0,0.1,50.0,1.0,100.0,0.6379,0.4538,0.4226,0.1514,0.186,0.1913,128259710321281.95,167723449315131.34,171366184394670.97,16.82
1024.0,8.0,0.1,50.0,1.0,100.0,0.565,0.4484,0.4189,0.166,0.1869,0.1919,141200220299865.7,166011835558025.88,168851860654161.9,12.58
1024.0,16.0,0.01,50.0,1.0,100.0,0.5693,0.4385,0.4121,0.1652,0.1886,0.193,142458212116922.75,169655048951076.72,172231056178585.3,12.21
1024.0,16.0,1.0,50.0,1.0,100.0,0.5117,0.38,0.3498,0.1759,0.1981,0.203,140396474036144.84,165130456334327.34,167186451569183.62,11.91
1024.0,16.0,0.1,100.0,1.0,100.0,0.5767,0.457,0.4295,0.1637,0.1854,0.1902,137756615766942.95,163363135749915.4,166453669236654.12,12.86
1024.0,16.0,0.1,50.0,2.0,100.0,0.5791,0.4557,0.4286,0.1633,0.1857,0.1903,137513190930453.62,163715254196146.8,166790154347142.4,11.82
1024.0,16.0,0.1,50.0,1.0,1000.0,0.6338,0.4325,0.4128,0.1523,0.1896,0.1929,127885928567432.34,171235483987097.28,172666955182170.0,15.49
4096.0,16.0,0.1,25.0,2.0,100.0,0.6343,0.4521,0.4214,0.1522,0.1863,0.1915,129353242214822.17,168524784143859.3,171861869416630.03,11.9
1024.0,8.0,0.1,25.0,2.0,100.0,0.5657,0.4446,0.4154,0.1658,0.1875,0.1925,142167595711329.47,167717178348345.28,170266000581494.5,8.43
1024.0,16.0,0.01,25.0,2.0,100.0,0.5448,0.4294,0.4047,0.1698,0.1901,0.1943,151200334578570.12,175263715362796.62,177391853200937.4,9.25
1024.0,16.0,1.0,25.0,2.0,100.0,0.5117,0.38,0.3498,0.1759,0.1981,0.203,140396474036144.84,165130456334327.34,167186451569183.62,8.81
1024.0,16.0,0.1,25.0,4.0,100.0,0.5765,0.4548,0.4274,0.1638,0.1858,0.1905,138498326019741.28,164458280140210.6,167427221184058.97,8.85
1024.0,16.0,0.1,25.0,2.0,1000.0,0.6308,0.4311,0.4113,0.1529,0.1898,0.1932,129085947645904.03,172070385219761.75,173397609274779.1,10.71
13684.0,16.0,0.1,25.0,1.0,100.0,0.6744,0.4454,0.4184,0.1436,0.1874,0.192,122160743953005.88,171291061660143.34,174697635690291.84,15.14
4096.0,8.0,0.1,25.0,1.0,100.0,0.6286,0.4423,0.4124,0.1534,0.1879,0.193,131339773770262.77,171058920856884.12,174049187411386.16,11.58
4096.0,16.0,0.01,25.0,1.0,100.0,0.6145,0.4242,0.3954,0.1562,0.1909,0.1958,138833997618539.98,178784567601612.16,181678822658492.8,13.11
4096.0,16.0,1.0,25.0,1.0,100.0,0.5619,0.3743,0.3383,0.1666,0.199,0.2048,134933744993078.25,169440610073023.25,171660796898456.16,12.2
4096.0,16.0,0.1,25.0,1.0,1000.0,0.7444,0.4115,0.3926,0.1272,0.193,0.1962,108245623906344.88,186905451069247.84,187597428479566.03,16.37
64.0,16.0,0.1,50.0,1.0,100.0,0.4958,0.4537,0.4213,0.1787,0.186,0.1915,149326067834491.88,157857893096023.7,162848787399744.56,9.54
256.0,8.0,0.1,50.0,1.0,100.0,0.5209,0.4543,0.4204,0.1742,0.1859,0.1917,147171767213311.97,161568548307281.8,165337678563924.2,9.53
256.0,16.0,0.01,50.0,1.0,100.0,0.5201,0.4452,0.4146,0.1743,0.1874,0.1926,150110859409577.2,166281653811922.34,169321283209697.34,10.47
256.0,16.0,1.0,50.0,1.0,100.0,0.4886,0.4155,0.3781,0.18,0.1924,0.1986,145075353876068.7,159909236237660.88,164277104151864.8,12.13
256.0,16.0,0.1,100.0,1.0,100.0,0.5338,0.459,0.4329,0.1718,0.1851,0.1896,144935452941772.6,160989347022081.2,164121717436007.25,11.28
256.0,16.0,0.1,50.0,2.0,100.0,0.5325,0.4591,0.4327,0.1721,0.1851,0.1896,145332832552141.03,161171407585407.62,164322528323505.56,10.2
256.0,16.0,0.1,50.0,1.0,1000.0,0.5379,0.4574,0.4305,0.1711,0.1854,0.19,144274909806180.78,161539637391002.1,164891962585518.56,10.73
13684.0,16.0,0.1,500.0,32.0,100.0,0.6117,0.4512,0.4243,0.1568,0.1864,0.191,132252556180438.25,167184317213914.75,169840338002500.88,29.75
65535.0,8.0,0.1,500.0,32.0,100.0,0.6095,0.4491,0.4217,0.1573,0.1868,0.1915,132949462108732.84,167973100663357.06,170404851250658.6,33.87
65535.0,16.0,0.01,500.0,32.0,100.0,0.6186,0.4449,0.4136,0.1554,0.1875,0.1928,131509475371012.25,169171347563018.44,172015780032142.25,47.36
65535.0,16.0,1.0,500.0,32.0,100.0,0.549,0.3466,0.3129,0.169,0.2034,0.2087,133215301530307.44,170967487406565.62,171890940131534.44,31.64
65535.0,16.0,0.1,200.0,32.0,100.0,0.6145,0.4519,0.4238,0.1562,0.1863,0.1911,131598895245905.56,167135397405344.12,169834103090848.25,34.93
65535.0,16.0,0.1,500.0,16.0,100.0,0.6385,0.4458,0.4197,0.1513,0.1873,0.1918,127717833034739.08,169618268112292.12,171952591097778.22,33.44
65535.0,16.0,0.1,500.0,32.0,1000.0,0.6801,0.4376,0.4113,0.1423,0.1887,0.1932,120518335466631.89,175191640287730.5,177258799877725.25,50.59
13684.0,16.0,0.1,200.0,32.0,100.0,0.6117,0.4512,0.4243,0.1568,0.1864,0.191,132252556180438.25,167184317213914.75,169840338002500.88,29.68
65535.0,8.0,0.1,200.0,32.0,100.0,0.6095,0.4491,0.4217,0.1573,0.1868,0.1915,132949462108732.84,167973100663357.06,170404851250658.6,33.83
65535.0,16.0,0.01,200.0,32.0,100.0,0.6184,0.4448,0.4135,0.1555,0.1875,0.1928,131590605285850.86,169243589204321.34,172070211171070.28,47.57
65535.0,16.0,1.0,200.0,32.0,100.0,0.549,0.3466,0.3129,0.169,0.2034,0.2087,133215301530307.44,170967487406565.62,171890940131534.44,31.61
65535.0,16.0,0.1,100.0,32.0,100.0,0.6145,0.4519,0.4238,0.1562,0.1863,0.1911,131598895245905.56,167135397405344.12,169834103090848.25,36.4
65535.0,16.0,0.1,200.0,16.0,100.0,0.6385,0.4458,0.4197,0.1513,0.1873,0.1918,127717833034739.08,169618268112292.12,171952591097778.22,31.77
65535.0,16.0,0.1,200.0,32.0,1000.0,0.6801,0.4376,0.4113,0.1423,0.1887,0.1932,120518335466631.89,175191640287730.5,177258799877725.25,50.69
13684.0,8.0,0.1,500.0,32.0,100.0,0.6072,0.4484,0.4224,0.1577,0.1869,0.1913,133370001755637.34,167834397717595.88,170298618631506.84,28.54
13684.0,16.0,0.01,500.0,32.0,100.0,0.6165,0.4449,0.4139,0.1558,0.1875,0.1927,131892073624869.61,169027459664852.78,171966676053285.94,40.07
13684.0,16.0,1.0,500.0,32.0,100.0,0.5472,0.3509,0.3167,0.1693,0.2027,0.2081,133407631652316.22,169520974526914.6,171057738422474.06,26.9
13684.0,16.0,0.1,500.0,16.0,100.0,0.6342,0.4461,0.422,0.1522,0.1873,0.1914,128383485415421.77,169244340814531.66,171426969675270.34,27.5
13684.0,16.0,0.1,500.0,32.0,1000.0,0.6614,0.4422,0.4163,0.1464,0.1879,0.1923,124483221868329.11,174355207764810.16,176539153776581.72,42.58
65535.0,4.0,0.1,500.0,32.0,100.0,0.6024,0.4431,0.415,0.1587,0.1878,0.1926,135137342738941.48,170175325937286.4,171953467591404.12,33.45
65535.0,8.0,0.01,500.0,32.0,100.0,0.6163,0.4431,0.4134,0.1559,0.1878,0.1928,131997280068315.72,169547067498177.94,172334122432472.53,45.38
65535.0,8.0,1.0,500.0,32.0,100.0,0.5406,0.3419,0.3113,0.1706,0.2041,0.2089,134159796453003.64,170922922515393.72,171479273692106.03,31.04
65535.0,8.0,0.1,500.0,16.0,100.0,0.633,0.4453,0.4185,0.1525,0.1874,0.192,129149467987218.0,169989580632463.22,172126610758747.72,30.88
65535.0,8.0,0.1,500.0,32.0,1000.0,0.673,0.4278,0.4056,0.1439,0.1904,0.1941,122150411816813.16,177248405309272.84,178288813827701.3,49.41
13684.0,16.0,0.1,25.0,32.0,100.0,0.6082,0.4501,0.4229,0.1575,0.1866,0.1913,133540350715831.33,168097342054236.75,170564310526584.97,16.95
65535.0,8.0,0.1,25.0,32.0,100.0,0.6064,0.4464,0.4191,0.1579,0.1872,0.1919,134509575478328.7,169426207605833.2,171555494252880.56,20.19
65535.0,16.0,0.01,25.0,32.0,100.0,0.5925,0.4208,0.3925,0.1606,0.1915,0.1962,142915005943241.84,179004948033505.12,181080731801370.9,24.74
65535.0,16.0,1.0,25.0,32.0,100.0,0.549,0.3467,0.3129,0.169,0.2034,0.2087,133197432322087.69,170943787970914.97,171865013862370.84,19.08
65535.0,16.0,0.1,50.0,32.0,100.0,0.613,0.4518,0.4236,0.1565,0.1863,0.1912,132131555472102.25,167436829420995.94,170089265158352.94,32.88
65535.0,16.0,0.1,25.0,16.0,100.0,0.6347,0.4449,0.4183,0.1521,0.1875,0.192,129074076565010.66,170446944359202.6,172679279909978.6,18.34
65535.0,16.0,0.1,25.0,32.0,1000.0,0.6758,0.4358,0.4086,0.1433,0.189,0.1936,122316268008188.34,176542082607944.78,178253922732821.47,26.31
13684.0,16.0,0.1,50.0,32.0,100.0,0.6105,0.4511,0.4241,0.1571,0.1864,0.1911,132695069010231.7,167432047356481.22,170052180787356.38,27.88
65535.0,8.0,0.1,50.0,32.0,100.0,0.6085,0.4485,0.4212,0.1575,0.1869,0.1915,133396162362894.05,168337062144006.2,170704615160607.72,32.12
65535.0,16.0,0.01,50.0,32.0,100.0,0.6108,0.4345,0.4052,0.157,0.1892,0.1942,135478060586572.47,173289516045999.06,175570788110148.22,36.0
65535.0,16.0,1.0,50.0,32.0,100.0,0.549,0.3466,0.3129,0.169,0.2034,0.2087,133215301530307.44,170967487406565.62,171890940131534.44,31.47
65535.0,16.0,0.1,50.0,16.0,100.0,0.6372,0.4459,0.4195,0.1516,0.1873,0.1918,128172626405880.03,169829943921150.53,172163180824389.7,29.9
65535.0,16.0,0.1,50.0,32.0,1000.0,0.6782,0.4373,0.4105,0.1428,0.1888,0.1933,121247141096052.17,175673141195203.8,177599929587310.34,47.6
4096.0,16.0,0.1,25.0,32.0,100.0,0.5927,0.4534,0.4271,0.1606,0.186,0.1906,136339238395886.8,166917035365731.38,169258051616017.78,12.37
13684.0,8.0,0.1,25.0,32.0,100.0,0.6042,0.4457,0.4198,0.1583,0.1873,0.1918,134946038419196.6,169288816686120.22,171440484407393.12,16.57
13684.0,16.0,0.01,25.0,32.0,100.0,0.5899,0.421,0.3931,0.1611,0.1915,0.1961,143420426453207.3,178868401088441.0,180974566829722.1,20.82
13684.0,16.0,1.0,25.0,32.0,100.0,0.5472,0.3509,0.3167,0.1693,0.2027,0.2081,133407631652316.22,169520974526914.6,171057738422474.06,17.0
13684.0,16.0,0.1,25.0,16.0,100.0,0.6304,0.445,0.4202,0.153,0.1875,0.1917,129810004743605.62,170189420320578.34,172294089949559.8,16.4
13684.0,16.0,0.1,25.0,32.0,1000.0,0.6573,0.4404,0.4136,0.1473,0.1882,0.1928,126208808485870.47,175693702624070.28,177557916384242.94,23.94
65535.0,4.0,0.1,25.0,32.0,100.0,0.5964,0.4341,0.4069,0.1599,0.1893,0.1939,138735564456069.28,174041646732786.7,175438668337890.25,18.46
65535.0,8.0,0.01,25.0,32.0,100.0,0.581,0.4046,0.3796,0.1629,0.1942,0.1983,147833181951129.8,183906603586534.4,185336397553243.25,24.89
65535.0,8.0,1.0,25.0,32.0,100.0,0.5391,0.3417,0.3115,0.1708,0.2042,0.2089,134417532776804.02,171011153229237.72,171543244256352.5,18.69
65535.0,8.0,0.1,25.0,16.0,100.0,0.6293,0.4409,0.4139,0.1532,0.1882,0.1927,131153714065400.58,171981578608431.8,173802949921894.47,17.79
65535.0,8.0,0.1,25.0,32.0,1000.0,0.6693,0.4244,0.4029,0.1447,0.1909,0.1946,124139526764620.5,178762216841320.75,179563937123283.6,25.87
4096.0,16.0,0.1,200.0,32.0,100.0,0.5969,0.4547,0.4291,0.1598,0.1858,0.1902,134779320092251.47,165757966968459.88,168317939026374.34,19.24
1024.0,8.0,0.1,200.0,32.0,100.0,0.565,0.4498,0.4191,0.166,0.1867,0.1919,140419159185821.44,165002207525782.88,167839906437455.25,12.04
1024.0,16.0,0.01,200.0,32.0,100.0,0.5764,0.4493,0.4204,0.1638,0.1867,0.1917,138458630703326.97,165079709862887.47,168145714607314.62,17.85
1024.0,16.0,1.0,200.0,32.0,100.0,0.5132,0.3858,0.3528,0.1756,0.1972,0.2025,140360725766069.53,164922130443145.9,167073545168051.53,12.0
1024.0,16.0,0.1,100.0,32.0,100.0,0.5781,0.4578,0.433,0.1635,0.1853,0.1896,137883499014911.97,163660611613512.38,166405567578942.1,13.09
1024.0,16.0,0.1,200.0,16.0,100.0,0.581,0.4565,0.4321,0.1629,0.1855,0.1897,137377696156867.92,163929938189534.3,166458356930588.7,13.13
1024.0,16.0,0.1,200.0,32.0,1000.0,0.627,0.4437,0.4198,0.1537,0.1877,0.1918,128512436597480.38,167878434980458.47,170088541627474.25,17.84
4096.0,16.0,0.1,500.0,16.0,100.0,0.6127,0.4526,0.4274,0.1566,0.1862,0.1905,132218915722722.3,166856360020054.4,169573627264507.66,18.58
1024.0,8.0,0.1,500.0,16.0,100.0,0.5687,0.4491,0.4189,0.1653,0.1868,0.1919,139686570604615.5,165130238797855.34,167772739020419.16,12.03
1024.0,16.0,0.01,500.0,16.0,100.0,0.5765,0.449,0.4209,0.1638,0.1868,0.1916,138532371014772.22,165360855425183.1,168240120079124.9,17.86
1024.0,16.0,1.0,500.0,16.0,100.0,0.5135,0.3823,0.3505,0.1755,0.1978,0.2029,140109534792193.16,164858952641452.34,166898504400382.06,12.04
1024.0,16.0,0.1,500.0,8.0,100.0,0.5768,0.4569,0.4294,0.1637,0.1854,0.1902,137702740338837.38,163343934002348.8,166414999105972.53,12.83
1024.0,16.0,0.1,500.0,16.0,1000.0,0.6387,0.4311,0.4104,0.1513,0.1898,0.1933,126316752208854.05,170712319971039.8,172143934623036.28,16.85
256.0,16.0,0.1,25.0,32.0,100.0,0.5292,0.4583,0.4308,0.1727,0.1852,0.1899,146625399995980.1,162065884450579.6,165291638445935.1,7.86
1024.0,8.0,0.1,25.0,32.0,100.0,0.5606,0.4457,0.4158,0.1668,0.1874,0.1924,143048483900753.0,167586302135658.66,169901375711422.03,8.48
1024.0,16.0,0.01,25.0,32.0,100.0,0.54,0.4304,0.4052,0.1707,0.1899,0.1942,152169137417500.94,175162049584720.66,177193565545877.25,9.29
1024.0,16.0,1.0,25.0,32.0,100.0,0.5131,0.3856,0.3528,0.1756,0.1972,0.2025,140361478665668.61,164923677919650.62,167057857096388.75,8.88
1024.0,16.0,0.1,50.0,32.0,100.0,0.5765,0.4581,0.4326,0.1638,0.1852,0.1897,138430282233506.16,163889297793519.72,166651619434944.75,11.89
1024.0,16.0,0.1,25.0,16.0,100.0,0.5766,0.4562,0.43,0.1637,0.1856,0.1901,139011618488920.81,164815023794527.75,167319948453292.62,8.82
1024.0,16.0,0.1,25.0,32.0,1000.0,0.6229,0.4425,0.4183,0.1545,0.1879,0.192,130060258970627.48,168994339356009.34,170929892440468.4,10.36
64.0,16.0,0.1,25.0,32.0,100.0,0.4929,0.4528,0.4202,0.1792,0.1861,0.1917,150224113380538.53,158528769514777.25,163435564850271.16,7.38
256.0,8.0,0.1,25.0,32.0,100.0,0.518,0.4519,0.4183,0.1747,0.1863,0.192,148887707666505.8,163253827915560.03,166758162762276.66,7.49
256.0,16.0,0.01,25.0,32.0,100.0,0.4894,0.4392,0.4114,0.1798,0.1884,0.1932,160709192115347.84,172695147723615.34,174807333125840.78,7.99
256.0,16.0,1.0,25.0,32.0,100.0,0.487,0.4152,0.378,0.1802,0.1924,0.1986,145486147388283.12,160212580650244.8,164497909988817.1,7.83
256.0,16.0,0.1,50.0,32.0,100.0,0.5325,0.459,0.4325,0.1721,0.1851,0.1897,145368812186202.8,161231684321887.72,164415412907044.2,11.91
256.0,16.0,0.1,25.0,16.0,100.0,0.5292,0.4584,0.4309,0.1727,0.1852,0.1899,146598709593529.06,162010275800668.78,165215281247313.72,7.89
256.0,16.0,0.1,25.0,32.0,1000.0,0.5342,0.4567,0.4285,0.1717,0.1855,0.1903,145572011014036.3,162396942152828.2,165777108581489.0,8.11
4096.0,16.0,0.1,50.0,32.0,100.0,0.5954,0.4547,0.4287,0.1601,0.1858,0.1903,135296641734889.27,166066166946008.84,168591099575745.53,18.0
1024.0,8.0,0.1,50.0,32.0,100.0,0.5632,0.4485,0.4181,0.1663,0.1869,0.1921,141386831733490.0,165893111749289.3,168561296641115.94,11.16
1024.0,16.0,0.01,50.0,32.0,100.0,0.568,0.439,0.4119,0.1654,0.1885,0.1931,142594268224230.12,169361944532559.1,171841667236705.16,12.22
1024.0,16.0,1.0,50.0,32.0,100.0,0.5132,0.3858,0.3528,0.1756,0.1972,0.2025,140360725766069.53,164922130443145.9,167073545168051.53,11.87
1024.0,16.0,0.1,50.0,16.0,100.0,0.5794,0.4567,0.4317,0.1632,0.1855,0.1898,137964385661593.6,164195322913358.56,166736778932673.6,11.82
1024.0,16.0,0.1,50.0,32.0,1000.0,0.6256,0.4436,0.4196,0.154,0.1877,0.1918,129046852339260.78,168211420652559.16,170353080159376.6,14.88
4096.0,16.0,0.1,25.0,16.0,100.0,0.6086,0.4514,0.4253,0.1574,0.1864,0.1909,133804832680951.9,168038947384127.06,170586814640627.62,12.19
1024.0,8.0,0.1,25.0,16.0,100.0,0.5641,0.4448,0.4154,0.1661,0.1875,0.1925,142431528190071.72,167787703366593.0,169915895175398.84,8.48
1024.0,16.0,0.01,25.0,16.0,100.0,0.5435,0.4295,0.4047,0.17,0.1901,0.1943,151490966282084.2,175307280336401.53,177206998903329.6,9.25
1024.0,16.0,1.0,25.0,16.0,100.0,0.5135,0.3823,0.3505,0.1755,0.1978,0.2029,140109534792193.16,164858952641452.34,166898504400382.06,8.88
1024.0,16.0,0.1,25.0,8.0,100.0,0.5726,0.456,0.4276,0.1645,0.1856,0.1905,139302665843990.3,164403471430257.47,167404269682652.2,8.89
1024.0,16.0,0.1,25.0,16.0,1000.0,0.6338,0.4295,0.4087,0.1523,0.1901,0.1936,128228159431280.23,171952988486541.9,173185561465755.12,10.69
256.0,16.0,0.1,500.0,1.0,100.0,0.534,0.459,0.4329,0.1718,0.1851,0.1896,144907571957223.78,160979657927646.12,164107127997859.1,11.33
4096.0,16.0,0.1,500.0,1.0,100.0,0.6393,0.4537,0.423,0.1511,0.186,0.1913,127789692790687.75,167492437900790.47,171149807229213.72,18.11
1024.0,8.0,0.1,500.0,1.0,100.0,0.5668,0.4498,0.4198,0.1656,0.1867,0.1918,140195941005392.11,165098487589837.62,168111219962146.06,12.1
1024.0,16.0,0.01,500.0,1.0,100.0,0.5777,0.4488,0.4206,0.1635,0.1868,0.1916,138345697689096.78,165431489664365.44,168552397433662.88,19.48
1024.0,16.0,1.0,500.0,1.0,100.0,0.5117,0.38,0.3498,0.1759,0.1981,0.203,140396474036144.84,165130456334327.34,167186451569183.62,11.97
1024.0,16.0,0.1,200.0,1.0,100.0,0.5769,0.4569,0.4295,0.1637,0.1854,0.1902,137699202724529.8,163345150486743.34,166424312660430.9,13.06
1024.0,16.0,0.1,500.0,2.0,100.0,0.5804,0.4557,0.4287,0.163,0.1856,0.1903,137079933832724.98,163481727819567.75,166603131937224.28,12.86
1024.0,16.0,0.1,500.0,1.0,1000.0,0.6359,0.4326,0.413,0.1519,0.1896,0.1929,127110293881824.4,170818598563543.72,172301217977334.9,17.02
64.0,16.0,0.1,500.0,1.0,100.0,0.4974,0.4541,0.4215,0.1784,0.1859,0.1915,148901451880360.88,157568897774492.12,162606112132542.1,10.68
256.0,8.0,0.1,500.0,1.0,100.0,0.5229,0.4555,0.4212,0.1738,0.1857,0.1915,146168829501180.56,160682751255613.12,164587000155135.44,10.36
256.0,16.0,0.01,500.0,1.0,100.0,0.5327,0.4546,0.4261,0.172,0.1858,0.1907,145790396405554.7,162450280167518.88,165824821708608.03,17.17
256.0,16.0,1.0,500.0,1.0,100.0,0.4886,0.4155,0.3781,0.18,0.1924,0.1986,145075353876068.7,159909236237660.88,164277104151864.8,10.39
256.0,16.0,0.1,200.0,1.0,100.0,0.534,0.459,0.4329,0.1718,0.1851,0.1896,144907571957223.78,160979657927646.12,164107127997859.1,11.34
256.0,16.0,0.1,500.0,2.0,100.0,0.534,0.459,0.4329,0.1718,0.1851,0.1896,144907571957223.78,160979657927646.12,164107127997859.1,11.31
256.0,16.0,0.1,500.0,1.0,1000.0,0.5397,0.4574,0.4308,0.1707,0.1854,0.19,143699883068087.06,161241810630649.1,164624121377443.78,11.82
4096.0,16.0,0.1,200.0,1.0,100.0,0.6393,0.4537,0.423,0.1511,0.186,0.1913,127789692790687.75,167492437900790.47,171149807229213.72,18.1
1024.0,8.0,0.1,200.0,1.0,100.0,0.5668,0.4498,0.4198,0.1656,0.1867,0.1918,140195941005392.11,165098487589837.62,168111219962146.06,12.08
1024.0,16.0,0.01,200.0,1.0,100.0,0.5775,0.4487,0.4205,0.1636,0.1868,0.1917,138397406629355.62,165478243786437.8,168591875287884.25,17.56
1024.0,16.0,1.0,200.0,1.0,100.0,0.5117,0.38,0.3498,0.1759,0.1981,0.203,140396474036144.84,165130456334327.34,167186451569183.62,13.71
1024.0,16.0,0.1,200.0,2.0,100.0,0.5804,0.4557,0.4287,0.163,0.1856,0.1903,137079933832724.98,163481727819567.75,166603131937224.28,12.77
1024.0,16.0,0.1,200.0,1.0,1000.0,0.6359,0.4326,0.413,0.1519,0.1896,0.1929,127110293881824.4,170818598563543.72,172301217977334.9,17.07
4096.0,16.0,0.1,500.0,2.0,100.0,0.6381,0.4532,0.4236,0.1514,0.1861,0.1911,127923686406279.98,167524221325139.88,170906914851681.94,17.96
1024.0,8.0,0.1,500.0,2.0,100.0,0.5701,0.4488,0.4188,0.165,0.1868,0.1919,139506805158942.64,165147980701470.06,168173923757717.84,11.96
1024.0,16.0,0.01,500.0,2.0,100.0,0.5777,0.4488,0.4206,0.1635,0.1868,0.1916,138347117282294.5,165430411446599.3,168552298834157.22,17.77
1024.0,16.0,1.0,500.0,2.0,100.0,0.5117,0.38,0.3498,0.1759,0.1981,0.203,140396474036144.84,165130456334327.34,167186451569183.62,11.99
1024.0,16.0,0.1,500.0,4.0,100.0,0.5806,0.4557,0.4288,0.163,0.1857,0.1903,137002219543430.55,163434595691954.2,166560445777946.1,12.81
1024.0,16.0,0.1,500.0,2.0,1000.0,0.6359,0.4325,0.413,0.1518,0.1896,0.1929,127088218672992.39,170811123758063.22,172298588335855.4,16.96
13684.0,16.0,0.1,500.0,1.0,100.0,0.6778,0.4465,0.4203,0.1428,0.1872,0.1917,120813875483370.7,170284128295203.72,173863832183535.4,24.23
4096.0,8.0,0.1,500.0,1.0,100.0,0.6315,0.4447,0.4151,0.1528,0.1875,0.1925,129734618025717.73,169704458237319.2,172797287870692.2,16.86
4096.0,16.0,0.01,500.0,1.0,100.0,0.6392,0.4483,0.4159,0.1512,0.1869,0.1924,128366036866869.25,169231119872359.22,173028604984638.53,24.85
4096.0,16.0,1.0,500.0,1.0,100.0,0.5619,0.3743,0.3383,0.1666,0.199,0.2048,134933744993078.25,169440610073023.25,171660796898456.16,17.31
4096.0,16.0,0.1,500.0,1.0,1000.0,0.747,0.413,0.3947,0.1266,0.1928,0.1959,107123088955085.16,186197376969844.97,187036268996258.38,28.32
64.0,16.0,0.1,50.0,2.0,100.0,0.4958,0.4537,0.4213,0.1787,0.186,0.1915,149326067834491.88,157857893096023.7,162848787399744.56,9.57
256.0,8.0,0.1,50.0,2.0,100.0,0.5209,0.4543,0.4204,0.1742,0.1859,0.1917,147171767213311.97,161568548307281.8,165337678563924.2,9.5
256.0,16.0,0.01,50.0,2.0,100.0,0.5201,0.4452,0.4146,0.1743,0.1874,0.1926,150110859409577.2,166281653811922.34,169321283209697.34,10.53
256.0,16.0,1.0,50.0,2.0,100.0,0.4886,0.4155,0.3781,0.18,0.1924,0.1986,145075353876068.7,159909236237660.88,164277104151864.8,10.27
256.0,16.0,0.1,100.0,2.0,100.0,0.5338,0.459,0.4329,0.1718,0.1851,0.1896,144935452941772.6,160989347022081.2,164121717436007.25,11.25
256.0,16.0,0.1,50.0,4.0,100.0,0.5325,0.4591,0.4327,0.1721,0.1851,0.1896,145332832552141.03,161171407585407.62,164322528323505.56,10.29
256.0,16.0,0.1,50.0,2.0,1000.0,0.5379,0.4574,0.4305,0.1711,0.1854,0.19,144274909806180.78,161539637391002.1,164891962585518.56,10.8
64.0,16.0,0.1,100.0,1.0,100.0,0.4974,0.4541,0.4215,0.1784,0.1859,0.1915,148901451880360.88,157568897774492.12,162606112132542.1,10.7
256.0,8.0,0.1,100.0,1.0,100.0,0.5227,0.4554,0.4212,0.1738,0.1857,0.1915,146222199978681.75,160722078294823.28,164618373176808.22,10.34
256.0,16.0,0.01,100.0,1.0,100.0,0.5265,0.4512,0.4209,0.1732,0.1864,0.1916,147706025484424.44,163878166135619.28,167297019208351.34,14.18
256.0,16.0,1.0,100.0,1.0,100.0,0.4886,0.4155,0.3781,0.18,0.1924,0.1986,145075353876068.7,159909236237660.88,164277104151864.8,10.4
256.0,16.0,0.1,100.0,1.0,1000.0,0.5397,0.4574,0.4308,0.1707,0.1854,0.19,143699883068087.06,161241810630649.1,164624121377443.78,11.84
64.0,16.0,0.1,50.0,1.0,1000.0,0.4958,0.4537,0.4213,0.1787,0.186,0.1915,149326067834491.88,157857893096023.7,162848787399744.56,9.48
256.0,8.0,0.1,50.0,1.0,1000.0,0.5273,0.451,0.4197,0.173,0.1865,0.1918,145705690084338.3,162051496036128.6,165580128472671.16,10.02
256.0,16.0,0.01,50.0,1.0,1000.0,0.5221,0.444,0.4136,0.174,0.1876,0.1928,149927337668107.47,166945589771079.56,169877790883032.25,10.92
256.0,16.0,1.0,50.0,1.0,1000.0,0.4852,0.4102,0.3745,0.1806,0.1933,0.1991,145454345308277.16,160253794983244.53,164568484064972.16,10.61
256.0,16.0,0.1,50.0,1.0,10000.0,0.5379,0.4574,0.4305,0.1711,0.1854,0.19,144274909806180.78,161539637391002.1,164891962585518.56,12.51
64.0,8.0,0.1,50.0,1.0,100.0,0.4889,0.4492,0.4163,0.1799,0.1868,0.1923,150417318093244.2,158387106804856.47,163395553088765.94,8.82
256.0,4.0,0.1,50.0,1.0,100.0,0.5177,0.4523,0.419,0.1748,0.1862,0.1919,148772006418752.2,163122607077015.3,166465823365776.28,9.26
256.0,8.0,0.01,50.0,1.0,100.0,0.5094,0.4345,0.4035,0.1763,0.1892,0.1945,153696794424604.66,169512082745773.38,172269727131817.66,9.8
256.0,8.0,1.0,50.0,1.0,100.0,0.4778,0.4102,0.3783,0.1818,0.1933,0.1985,146628291114085.34,160234662041908.62,164195417330715.0,9.57
